length,closeness,alpha
-0.46355494890343074,21.235868757370593,0.0
3.1962840596477804e-08,8.502038513024115,1.0
