length,closeness,alpha
2.144422747690782,2.8155838548750314,0.0
-0.4737372448551527,21.74948349386264,1.0
